event_id,commence_time_utc,away_team,home_team,bookmaker,bookmaker_last_update,market,selection,point,decimal_odds,american_odds,implied_probability
3c71012ad7a75e6c11575285e6841e14,2026-10-08T02:00:00Z,Milwaukee Brewers,San Diego Padres,pinnacle,2026-10-08T01:25:18Z,h2h,Milwaukee Brewers,,1.96,-104,0.510204
3c71012ad7a75e6c11575285e6841e14,2026-10-08T02:00:00Z,Milwaukee Brewers,San Diego Padres,pinnacle,2026-10-08T01:25:18Z,h2h,San Diego Padres,,1.96,-104,0.510204
3c71012ad7a75e6c11575285e6841e14,2026-10-08T02:00:00Z,Milwaukee Brewers,San Diego Padres,pinnacle,2026-10-08T01:25:18Z,spreads,Milwaukee Brewers,1.5,1.45,-222,0.689655
3c71012ad7a75e6c11575285e6841e14,2026-10-08T02:00:00Z,Milwaukee Brewers,San Diego Padres,pinnacle,2026-10-08T01:25:18Z,spreads,San Diego Padres,-1.5,2.97,+197,0.3367
3c71012ad7a75e6c11575285e6841e14,2026-10-08T02:00:00Z,Milwaukee Brewers,San Diego Padres,pinnacle,2026-10-08T01:25:18Z,totals,Over,7.5,1.99,-101,0.502513
3c71012ad7a75e6c11575285e6841e14,2026-10-08T02:00:00Z,Milwaukee Brewers,San Diego Padres,pinnacle,2026-10-08T01:25:18Z,totals,Under,7.5,1.89,-112,0.529101
e0448f7b831a9ecc0580ba4295270d0c,2026-10-08T21:00:00Z,Cleveland Guardians,Chicago White Sox,pinnacle,2026-10-08T01:25:18Z,h2h,Chicago White Sox,,2.01,+101,0.497512
e0448f7b831a9ecc0580ba4295270d0c,2026-10-08T21:00:00Z,Cleveland Guardians,Chicago White Sox,pinnacle,2026-10-08T01:25:18Z,h2h,Cleveland Guardians,,1.9,-111,0.526316
e0448f7b831a9ecc0580ba4295270d0c,2026-10-08T21:00:00Z,Cleveland Guardians,Chicago White Sox,pinnacle,2026-10-08T01:25:18Z,spreads,Chicago White Sox,1.5,1.56,-179,0.641026
e0448f7b831a9ecc0580ba4295270d0c,2026-10-08T21:00:00Z,Cleveland Guardians,Chicago White Sox,pinnacle,2026-10-08T01:25:18Z,spreads,Cleveland Guardians,-1.5,2.55,+155,0.392157
e0448f7b831a9ecc0580ba4295270d0c,2026-10-08T21:00:00Z,Cleveland Guardians,Chicago White Sox,pinnacle,2026-10-08T01:25:18Z,totals,Over,7.5,2.02,+102,0.49505
e0448f7b831a9ecc0580ba4295270d0c,2026-10-08T21:00:00Z,Cleveland Guardians,Chicago White Sox,pinnacle,2026-10-08T01:25:18Z,totals,Under,7.5,1.85,-118,0.540541
