model_version,generated_at_utc,target_date_utc,market,event_id,commence_time_utc,away_team,home_team,away_probable_pitcher,home_probable_pitcher,away_starter_quality,home_starter_quality,away_elo,home_elo,away_recent_form,home_recent_form,park_factor,selection,point,decimal_odds,market_no_vig_probability,model_probability,ev,quarter_kelly,bullpen_fatigue,lineup_announced,lineup_status,lineup_reliability,lineup_confidence,lineup_quality,split_ops_coverage,advanced_metric_coverage,bvp_coverage,platoon_proxy,weather_run_factor,temperature_c,precipitation_probability,wind_speed_kmh,wind_direction_deg,away_expected_runs,home_expected_runs,simulations,recommendation,push_probability
26.0,2026-10-02T01:11:08.076174+00:00,2026-10-03,moneyline,5d13b613a334039f0694d8c95af28728,2026-10-03T17:01:00Z,Chicago White Sox,Cleveland Guardians,TBD,Parker Messick,0.0,0.7828,1515.03,1548.0,0.7,0.8,1.0,Chicago White Sox,,2.36,0.412935,0.537005,0.267333,0.049142,0.0,False,predicted,0.8833,A,0.2776,1.0,0.0,0.0,0.0045,0.9957,17.1,0,13.5,31,3.129,2.749,100000,BUY,
26.0,2026-10-02T01:11:08.076174+00:00,2026-10-03,moneyline,cb4d07dc15440acf3d9ebe1ad41756c1,2026-10-03T22:31:00Z,New York Yankees,Tampa Bay Rays,TBD,Drew Rasmussen,0.0,1.0,1586.57,1596.33,0.5,0.5,0.98,New York Yankees,,2.17,0.449239,0.548851,0.191007,0.040814,0.0,False,predicted,0.85,A,0.2216,1.0,0.0,0.0,0.0023,1.0,,,,,2.901,2.498,100000,BUY,
26.0,2026-10-02T01:11:08.076174+00:00,2026-10-04,moneyline,347a2e725dd11a54a1d964eae3d04dd2,2026-10-04T00:30:00Z,San Diego Padres,Milwaukee Brewers,TBD,Logan Henderson,0.0,1.0,1618.1,1659.99,0.8,0.8,1.0,San Diego Padres,,2.95,0.329545,0.361594,0.066703,0.008552,0.0,False,predicted,0.8833,A,0.0988,1.0,0.0,0.0,-0.045,1.0,,,,,2.278,3.06,100000,BUY,
26.0,2026-10-02T01:11:08.076174+00:00,2026-10-04,moneyline,347a2e725dd11a54a1d964eae3d04dd2,2026-10-04T00:30:00Z,San Diego Padres,Milwaukee Brewers,TBD,Logan Henderson,0.0,1.0,1618.1,1659.99,0.8,0.8,1.0,Milwaukee Brewers,,1.45,0.670455,0.638406,-0.074312,0.0,0.0,False,predicted,0.8944,A,0.3862,0.0,0.0,0.0,0.0,1.0,,,,,2.278,3.06,100000,PASS,
26.0,2026-10-02T01:11:08.076174+00:00,2026-10-03,moneyline,cb4d07dc15440acf3d9ebe1ad41756c1,2026-10-03T22:31:00Z,New York Yankees,Tampa Bay Rays,TBD,Drew Rasmussen,0.0,1.0,1586.57,1596.33,0.5,0.5,0.98,Tampa Bay Rays,,1.77,0.550761,0.451149,-0.201467,0.0,0.0,False,predicted,0.9056,S,0.3751,0.0,0.0,0.0,0.0,1.0,,,,,2.901,2.498,100000,PASS,
26.0,2026-10-02T01:11:08.076174+00:00,2026-10-03,moneyline,5d13b613a334039f0694d8c95af28728,2026-10-03T17:01:00Z,Chicago White Sox,Cleveland Guardians,TBD,Parker Messick,0.0,0.7828,1515.03,1548.0,0.7,0.8,1.0,Cleveland Guardians,,1.66,0.587065,0.462995,-0.231429,0.0,0.0,False,predicted,0.8944,A,0.0413,0.0,0.0,0.0,0.0,0.9957,17.1,0,13.5,31,3.129,2.749,100000,PASS,
26.0,2026-10-02T01:11:08.076174+00:00,2026-10-03,runline,5d13b613a334039f0694d8c95af28728,2026-10-03T17:01:00Z,Chicago White Sox,Cleveland Guardians,TBD,Parker Messick,0.0,0.7828,1515.03,1548.0,0.7,0.8,1.0,Chicago White Sox,1.5,1.59,,0.78962,0.255496,0.108261,0.0,False,predicted,0.8833,A,0.2776,1.0,0.0,0.0,0.0045,0.9957,17.1,0,13.5,31,3.129,2.749,100000,BUY,
26.0,2026-10-02T01:11:08.076174+00:00,2026-10-03,runline,cb4d07dc15440acf3d9ebe1ad41756c1,2026-10-03T22:31:00Z,New York Yankees,Tampa Bay Rays,TBD,Drew Rasmussen,0.0,1.0,1586.57,1596.33,0.5,0.5,0.98,New York Yankees,1.5,1.51,,0.8046,0.214946,0.105366,0.0,False,predicted,0.85,A,0.2216,1.0,0.0,0.0,0.0023,1.0,,,,,2.901,2.498,100000,BUY,
26.0,2026-10-02T01:11:08.076174+00:00,2026-10-04,runline,347a2e725dd11a54a1d964eae3d04dd2,2026-10-04T00:30:00Z,San Diego Padres,Milwaukee Brewers,TBD,Logan Henderson,0.0,1.0,1618.1,1659.99,0.8,0.8,1.0,San Diego Padres,1.5,1.83,,0.63387,0.159982,0.048187,0.0,False,predicted,0.8833,A,0.0988,1.0,0.0,0.0,-0.045,1.0,,,,,2.278,3.06,100000,BUY,
26.0,2026-10-02T01:11:08.076174+00:00,2026-10-04,runline,347a2e725dd11a54a1d964eae3d04dd2,2026-10-04T00:30:00Z,San Diego Padres,Milwaukee Brewers,TBD,Logan Henderson,0.0,1.0,1618.1,1659.99,0.8,0.8,1.0,Milwaukee Brewers,-1.5,2.07,,0.36613,-0.242111,0.0,0.0,False,predicted,0.8944,A,0.3862,0.0,0.0,0.0,0.0,1.0,,,,,2.278,3.06,100000,PASS,
26.0,2026-10-02T01:11:08.076174+00:00,2026-10-03,runline,cb4d07dc15440acf3d9ebe1ad41756c1,2026-10-03T22:31:00Z,New York Yankees,Tampa Bay Rays,TBD,Drew Rasmussen,0.0,1.0,1586.57,1596.33,0.5,0.5,0.98,Tampa Bay Rays,-1.5,2.71,,0.1954,-0.470466,0.0,0.0,False,predicted,0.9056,S,0.3751,0.0,0.0,0.0,0.0,1.0,,,,,2.901,2.498,100000,PASS,
26.0,2026-10-02T01:11:08.076174+00:00,2026-10-03,runline,5d13b613a334039f0694d8c95af28728,2026-10-03T17:01:00Z,Chicago White Sox,Cleveland Guardians,TBD,Parker Messick,0.0,0.7828,1515.03,1548.0,0.7,0.8,1.0,Cleveland Guardians,-1.5,2.5,,0.21038,-0.47405,0.0,0.0,False,predicted,0.8944,A,0.0413,0.0,0.0,0.0,0.0,0.9957,17.1,0,13.5,31,3.129,2.749,100000,PASS,
26.0,2026-10-02T01:11:08.076174+00:00,2026-10-04,total,347a2e725dd11a54a1d964eae3d04dd2,2026-10-04T00:30:00Z,San Diego Padres,Milwaukee Brewers,TBD,Logan Henderson,,,,,,,1.0,Under,7.0,1.88,,0.73608,0.38383,0.109043,,,,,,,,,,,1.0,,,,,2.278,3.06,100000,BUY,0.11131
26.0,2026-10-02T01:11:08.076174+00:00,2026-10-03,total,cb4d07dc15440acf3d9ebe1ad41756c1,2026-10-03T22:31:00Z,New York Yankees,Tampa Bay Rays,TBD,Drew Rasmussen,,,,,,,0.98,Under,7.0,1.85,,0.72822,0.347207,0.10212,,,,,,,,,,,1.0,,,,,2.901,2.498,100000,BUY,0.11338
26.0,2026-10-02T01:11:08.076174+00:00,2026-10-03,total,5d13b613a334039f0694d8c95af28728,2026-10-03T17:01:00Z,Chicago White Sox,Cleveland Guardians,TBD,Parker Messick,,,,,,,1.0,Under,7.0,1.83,,0.65457,0.197863,0.059597,,,,,,,,,,,0.9957,,,,,3.129,2.749,100000,BUY,0.1314
26.0,2026-10-02T01:11:08.076174+00:00,2026-10-03,total,5d13b613a334039f0694d8c95af28728,2026-10-03T17:01:00Z,Chicago White Sox,Cleveland Guardians,TBD,Parker Messick,,,,,,,1.0,Over,7.0,2.04,,0.21403,-0.563379,0.0,,,,,,,,,,,0.9957,,,,,3.129,2.749,100000,PASS,0.1314
26.0,2026-10-02T01:11:08.076174+00:00,2026-10-03,total,cb4d07dc15440acf3d9ebe1ad41756c1,2026-10-03T22:31:00Z,New York Yankees,Tampa Bay Rays,TBD,Drew Rasmussen,,,,,,,0.98,Over,7.0,2.03,,0.1584,-0.678448,0.0,,,,,,,,,,,1.0,,,,,2.901,2.498,100000,PASS,0.11338
26.0,2026-10-02T01:11:08.076174+00:00,2026-10-04,total,347a2e725dd11a54a1d964eae3d04dd2,2026-10-04T00:30:00Z,San Diego Padres,Milwaukee Brewers,TBD,Logan Henderson,,,,,,,1.0,Over,7.0,2.0,,0.15261,-0.69478,0.0,,,,,,,,,,,1.0,,,,,2.278,3.06,100000,PASS,0.11131
