market,event_id,commence_time_utc,away_team,home_team,away_probable_pitcher,home_probable_pitcher,away_starter_quality,home_starter_quality,away_elo,home_elo,away_recent_form,home_recent_form,park_factor,selection,point,decimal_odds,model_probability,ev,quarter_kelly,bullpen_fatigue,lineup_announced,lineup_status,lineup_reliability,lineup_confidence,lineup_quality,split_ops_coverage,advanced_metric_coverage,bvp_coverage,platoon_proxy,weather_run_factor,temperature_c,precipitation_probability,wind_speed_kmh,wind_direction_deg,away_expected_runs,home_expected_runs,simulations,recommendation
runline,3d109aae107e7d5306d828f3004dbb9d,2026-09-27T19:10:00Z,Los Angeles Angels,Seattle Mariners,Yusei Kikuchi,Logan Gilbert,-0.511,0.4945,1397.85,1397.07,0.5,0.4,0.96,Los Angeles Angels,1.5,1.7,0.88417,0.503089,0.179675,0.45,False,predicted,0.9389,S,-0.1666,1.0,0.0,0.0,-0.0535,0.9923,15.2,0,13.9,10,4.258,2.692,100000,BUY
runline,f915dd93e407b20c3b8693fa226d6bf6,2026-09-27T19:05:00Z,New York Mets,Washington Nationals,Sean Manaea,DJ Herz,-0.0246,0.0,1551.57,1468.28,0.5,0.6,1.0,Washington Nationals,1.5,1.56,0.79004,0.232462,0.103778,0.45,False,predicted,0.9167,S,0.3221,1.0,0.0,0.0,0.0515,1.0,,,,,2.502,2.767,100000,BUY
runline,f55ce2717fb90929c3519929cc3263f0,2026-09-27T19:10:00Z,Pittsburgh Pirates,Detroit Tigers,Jared Jones,River Ryan,0.4125,0.0,1523.0,1497.74,0.6,0.4,1.0,Detroit Tigers,1.5,1.68,0.70227,0.179814,0.066108,0.45,False,predicted,0.9278,S,0.4739,1.0,0.0,0.0,0.0034,1.0108,24.1,0,14.6,10,3.313,3.103,100000,BUY
runline,7b589a322a1e421d031d8b1abb24d911,2026-09-27T21:05:00Z,Tampa Bay Rays,Philadelphia Phillies,Nick Martinez,Zack Wheeler,0.7524,0.6819,1591.55,1538.39,0.6,0.4,1.03,Tampa Bay Rays,1.5,1.51,0.75812,0.144761,0.070961,0.45,False,predicted,0.8833,A,0.4037,1.0,0.0,0.0,-0.0042,1.0093,17.2,35,27.0,31,3.676,3.397,100000,BUY
runline,f4a70a1cc28098ce3bd4a521555ad809,2026-09-27T19:10:00Z,Atlanta Braves,Miami Marlins,JR Ritchie,Janson Junk,-0.4819,-0.0631,1538.11,1494.98,0.6,0.5,1.0,Miami Marlins,1.5,1.59,0.67271,0.069609,0.029495,0.55,False,predicted,0.9278,S,0.0318,1.0,0.0,0.0,-0.0934,1.0,,,,,3.236,2.785,100000,BUY
runline,febfe492bcd191327b90c25777e21db4,2026-09-27T19:10:00Z,Colorado Rockies,Chicago White Sox,Kyle Freeland,Anthony Kay,-0.5959,-0.2209,1337.89,1510.29,0.2,0.6,1.0,Colorado Rockies,1.5,1.86,0.55485,0.032021,0.009308,0.55,False,predicted,0.9167,S,0.4856,1.0,0.0,0.0,0.0716,1.0,,,,,2.684,3.895,100000,LEAN
runline,8d968b3a9346c52d763b36a57a1cb74a,2026-09-27T19:05:00Z,Baltimore Orioles,New York Yankees,Shane Baz,Elmer Rodríguez,-0.0869,-0.7812,1541.39,1586.57,0.6,0.5,1.03,Baltimore Orioles,1.5,1.56,0.64195,0.001442,0.000644,0.6,False,predicted,0.9056,S,0.0371,1.0,0.0,0.0,-0.0372,1.0065,18.9,34,20.7,67,2.952,3.585,100000,LEAN
runline,f8c336fa447564a17616c2127dc61bf7,2026-09-27T19:10:00Z,St. Louis Cardinals,Milwaukee Brewers,Andre Pallante,Jacob Misiorowski,0.0821,1.0,1443.37,1656.11,0.2,0.8,1.0,St. Louis Cardinals,1.5,1.83,0.54489,-0.002851,0.0,0.55,False,predicted,0.9167,S,-0.0313,1.0,0.0,0.0,0.0572,1.0,,,,,2.264,3.545,100000,PASS
runline,f8c336fa447564a17616c2127dc61bf7,2026-09-27T19:10:00Z,St. Louis Cardinals,Milwaukee Brewers,Andre Pallante,Jacob Misiorowski,0.0821,1.0,1443.37,1656.11,0.2,0.8,1.0,Milwaukee Brewers,-1.5,2.06,0.45511,-0.062473,0.0,0.55,False,predicted,0.9056,S,0.3814,1.0,0.0,0.0,0.0536,1.0,,,,,2.264,3.545,100000,PASS
runline,8d968b3a9346c52d763b36a57a1cb74a,2026-09-27T19:05:00Z,Baltimore Orioles,New York Yankees,Shane Baz,Elmer Rodríguez,-0.0869,-0.7812,1541.39,1586.57,0.6,0.5,1.03,New York Yankees,-1.5,2.58,0.35805,-0.076231,0.0,0.75,False,predicted,0.8833,A,0.1361,1.0,0.0,0.0,-0.0393,1.0065,18.9,34,20.7,67,2.952,3.585,100000,PASS
runline,febfe492bcd191327b90c25777e21db4,2026-09-27T19:10:00Z,Colorado Rockies,Chicago White Sox,Kyle Freeland,Anthony Kay,-0.5959,-0.2209,1337.89,1510.29,0.2,0.6,1.0,Chicago White Sox,-1.5,2.03,0.44515,-0.096346,0.0,0.55,False,predicted,0.9056,S,0.3736,1.0,0.0,0.0,-0.0102,1.0,,,,,2.684,3.895,100000,PASS
runline,f4a70a1cc28098ce3bd4a521555ad809,2026-09-27T19:10:00Z,Atlanta Braves,Miami Marlins,JR Ritchie,Janson Junk,-0.4819,-0.0631,1538.11,1494.98,0.6,0.5,1.0,Atlanta Braves,-1.5,2.5,0.32729,-0.181775,0.0,0.65,False,predicted,0.9278,S,0.2046,1.0,0.0,0.0,0.0675,1.0,,,,,3.236,2.785,100000,PASS
runline,f55ce2717fb90929c3519929cc3263f0,2026-09-27T19:10:00Z,Pittsburgh Pirates,Detroit Tigers,Jared Jones,River Ryan,0.4125,0.0,1523.0,1497.74,0.6,0.4,1.0,Pittsburgh Pirates,-1.5,2.29,0.29773,-0.318198,0.0,0.55,False,predicted,0.9056,S,0.2072,1.0,0.0,0.0,0.0679,1.0108,24.1,0,14.6,10,3.313,3.103,100000,PASS
runline,7b589a322a1e421d031d8b1abb24d911,2026-09-27T21:05:00Z,Tampa Bay Rays,Philadelphia Phillies,Nick Martinez,Zack Wheeler,0.7524,0.6819,1591.55,1538.39,0.6,0.4,1.03,Philadelphia Phillies,-1.5,2.73,0.24188,-0.339668,0.0,0.45,False,predicted,0.9278,S,0.1801,1.0,0.0,0.0,0.0531,1.0093,17.2,35,27.0,31,3.676,3.397,100000,PASS
runline,f915dd93e407b20c3b8693fa226d6bf6,2026-09-27T19:05:00Z,New York Mets,Washington Nationals,Sean Manaea,DJ Herz,-0.0246,0.0,1551.57,1468.28,0.5,0.6,1.0,New York Mets,-1.5,2.56,0.20996,-0.462502,0.0,0.55,False,predicted,0.9167,S,0.0638,1.0,0.0,0.0,0.0577,1.0,,,,,2.502,2.767,100000,PASS
runline,3d109aae107e7d5306d828f3004dbb9d,2026-09-27T19:10:00Z,Los Angeles Angels,Seattle Mariners,Yusei Kikuchi,Logan Gilbert,-0.511,0.4945,1397.85,1397.07,0.5,0.4,0.96,Seattle Mariners,-1.5,2.27,0.11583,-0.737066,0.0,0.55,False,predicted,0.9056,S,-0.028,1.0,0.0,0.0,0.0235,0.9923,15.2,0,13.9,10,4.258,2.692,100000,PASS
